{
  "meta": {
    "uuid": "01f1-08df-43ca36b8-bc00-ab62e8793cd5",
    "batchNr": 0,
    "batchSuffix": "single",
    "exportedAt": "2026-02-13T14:01:52.606Z",
    "totalQuestionsRaw": 255,
    "totalQuestionsExported": 255,
    "totalImages": 16,
    "pageSize": 50,
    "exportHtmlFields": true,
    "dedupeAnswers": true,
    "scriptVersion": "batch-dedupe-multicorrect-imageszip-1.0.0"
  },
  "images": [
    {
      "questionId": "01ea-6b8a-d68d5440-b200-abd7f96a7991",
      "fileBase": "img_01ea-6b8a-d68d5440-b200-abd7f96a7991_01",
      "fileName": "img_01ea-6b8a-d68d5440-b200-abd7f96a7991_01.jpg",
      "url": "https://www.docsdocs.net/resuser/img/question/b/ba/bafc35c8bb8e68b3432d27aff287a5db.jpg"
    },
    {
      "questionId": "01ea-dc10-5a2a4560-b300-e8bc42a9facc",
      "fileBase": "img_01ea-dc10-5a2a4560-b300-e8bc42a9facc_01",
      "fileName": "img_01ea-dc10-5a2a4560-b300-e8bc42a9facc_01.jpg",
      "url": "https://www.docsdocs.net/resuser/img/question/1/18/1870db40319b63eef999ca52ad913497.jpg"
    },
    {
      "questionId": "01ec-6d46-586a7b2a-8800-e355a0299e08",
      "fileBase": "img_01ec-6d46-586a7b2a-8800-e355a0299e08_01",
      "fileName": "img_01ec-6d46-586a7b2a-8800-e355a0299e08_01.jpg",
      "url": "https://www.docsdocs.net/resuser/img/question/2/2d/2df232caa28ce327d959b7659d1a44be.jpg"
    },
    {
      "questionId": "01ec-6d48-2ac9cf0c-a200-f8242927e21b",
      "fileBase": "img_01ec-6d48-2ac9cf0c-a200-f8242927e21b_01",
      "fileName": "img_01ec-6d48-2ac9cf0c-a200-f8242927e21b_01.png",
      "url": "https://www.docsdocs.net/resuser/img/question/5/53/53f920c2c6b940b093af65a204c5687f.png"
    },
    {
      "questionId": "01ec-6d48-5dfff82e-8300-f068cd2b639f",
      "fileBase": "img_01ec-6d48-5dfff82e-8300-f068cd2b639f_01",
      "fileName": "img_01ec-6d48-5dfff82e-8300-f068cd2b639f_01.jpg",
      "url": "https://www.docsdocs.net/resuser/img/question/f/f3/f3166b28a7c14438d3a3d0643360456a.jpg"
    },
    {
      "questionId": "01ec-835b-fa979bdc-a300-c2bc183a54bd",
      "fileBase": "img_01ec-835b-fa979bdc-a300-c2bc183a54bd_01",
      "fileName": "img_01ec-835b-fa979bdc-a300-c2bc183a54bd_01.jpg",
      "url": "https://www.docsdocs.net/resuser/img/question/d/db/db35e353973445f437864e9135089d22.jpg"
    },
    {
      "questionId": "01ed-97d5-734cd414-a000-099530a57aa2",
      "fileBase": "img_01ed-97d5-734cd414-a000-099530a57aa2_01",
      "fileName": "img_01ed-97d5-734cd414-a000-099530a57aa2_01.png",
      "url": "https://www.docsdocs.net/resuser/img/question/4/4b/4b55b4df8981611a637aef94ad9c334d.png"
    },
    {
      "questionId": "01ed-97d6-70a2f4c2-8600-3ecb00d9eaf7",
      "fileBase": "img_01ed-97d6-70a2f4c2-8600-3ecb00d9eaf7_01",
      "fileName": "img_01ed-97d6-70a2f4c2-8600-3ecb00d9eaf7_01.jpg",
      "url": "https://www.docsdocs.net/resuser/img/question/f/fc/fc7cead4be8ff5664233103c3abfab4e.jpg"
    },
    {
      "questionId": "01ed-9ed4-968e7300-8500-40464d7ffd78",
      "fileBase": "img_01ed-9ed4-968e7300-8500-40464d7ffd78_01",
      "fileName": "img_01ed-9ed4-968e7300-8500-40464d7ffd78_01.jpg",
      "url": "https://www.docsdocs.net/resuser/img/question/c/c4/c4274e54362368cd84d058da2d0223e9.jpg"
    },
    {
      "questionId": "01ed-9ed5-affe4a58-9300-e6077fa5c041",
      "fileBase": "img_01ed-9ed5-affe4a58-9300-e6077fa5c041_01",
      "fileName": "img_01ed-9ed5-affe4a58-9300-e6077fa5c041_01.jpg",
      "url": "https://www.docsdocs.net/resuser/img/question/f/fe/fefcbf8125b99023f3c254d9a1dc5592.jpg"
    },
    {
      "questionId": "01ee-3383-5cf92e02-8800-7fb469c30d9c",
      "fileBase": "img_01ee-3383-5cf92e02-8800-7fb469c30d9c_01",
      "fileName": "img_01ee-3383-5cf92e02-8800-7fb469c30d9c_01.jpg",
      "url": "https://www.docsdocs.net/resuser/img/question/f/fc/fc7cead4be8ff5664233103c3abfab4e.jpg"
    },
    {
      "questionId": "01ee-d19d-8a8209e4-9400-6525fefa822d",
      "fileBase": "img_01ee-d19d-8a8209e4-9400-6525fefa822d_01",
      "fileName": "img_01ee-d19d-8a8209e4-9400-6525fefa822d_01.jpg",
      "url": "https://www.docsdocs.net/resuser/img/question/3/3f/3fe3ffd9b1e6275fc8535922e2cdad68.jpg"
    },
    {
      "questionId": "01ee-d19d-e6b547a8-b400-ba5c28029b02",
      "fileBase": "img_01ee-d19d-e6b547a8-b400-ba5c28029b02_01",
      "fileName": "img_01ee-d19d-e6b547a8-b400-ba5c28029b02_01.jpg",
      "url": "https://www.docsdocs.net/resuser/img/question/5/5b/5b1d299e929499fdc2869335eeb45b68.jpg"
    },
    {
      "questionId": "01ee-d1a1-7bc9e2ec-8d00-d87fb46d9ebd",
      "fileBase": "img_01ee-d1a1-7bc9e2ec-8d00-d87fb46d9ebd_01",
      "fileName": "img_01ee-d1a1-7bc9e2ec-8d00-d87fb46d9ebd_01.png",
      "url": "https://www.docsdocs.net/resuser/img/question/c/c2/c25b1265b2f01eb5d1e6ce692b5bb3dd.png"
    },
    {
      "questionId": "01ee-d1a4-92ce6190-aa00-cf8f47ee5856",
      "fileBase": "img_01ee-d1a4-92ce6190-aa00-cf8f47ee5856_01",
      "fileName": "img_01ee-d1a4-92ce6190-aa00-cf8f47ee5856_01.png",
      "url": "https://www.docsdocs.net/resuser/img/question/9/96/966db1d42cc8f11033286666b2a8502f.png"
    },
    {
      "questionId": "01ef-62d9-dc3d9ed8-8000-8e0f069ba776",
      "fileBase": "img_01ef-62d9-dc3d9ed8-8000-8e0f069ba776_01",
      "fileName": "img_01ef-62d9-dc3d9ed8-8000-8e0f069ba776_01.jpg",
      "url": "https://www.docsdocs.net/resuser/img/question/1/19/191da15307fd94117617d8f37f70c946.jpg"
    }
  ]
}